read amount,comments,title,content link,author,create time
55,0,超频三8月2日快速上涨,"/news,300647,1337062422.html",超频三资讯,08-02 09:30
60,0,超频三8月2日开盘涨幅达5%,"/news,300647,1337057866.html",超频三资讯,08-02 09:26
906,1,超频三：截至目前 公司募投项目“锂电池正极关键材料生产基地建设一期子项目”厂房建设已基本封顶,"/news,300647,1336458725.html",超频三资讯,07-31 05:15
764,3,大宗交易：超频三成交326.34万元，折价15.03%（07-21）,"/news,300647,1333394252.html",超频三资讯,07-21 04:33
115,0,超频三7月19日开盘涨幅达5%,"/news,300647,1332175244.html",超频三资讯,07-19 09:31
75,0,超频三7月19日快速上涨,"/news,300647,1332174523.html",超频三资讯,07-19 09:30
673,3,大宗交易：超频三成交347.76万元，折价13.03%（07-05）,"/news,300647,1327770404.html",超频三资讯,07-05 04:37
1665,8,超频三：公司锂电池正极关键材料生产基地建设一期项目正全力加快推进建设,"/news,300647,1327399210.html",超频三资讯,07-04 10:01
357,0,超频三股东户数增加1.63%，户均持股11.14万元,"/news,300647,1321028244.html",超频三资讯,06-14 08:07
1117,3,超频三：拟终止5G散热工业园建设募投项目，将剩余募资永久补充流动资金,"/news,300647,1320979088.html",超频三资讯,06-14 04:36
94,0,超频三6月12日盘中涨幅达5%,"/news,300647,1319758393.html",超频三资讯,06-12 10:19
73,0,超频三6月12日快速上涨,"/news,300647,1319758388.html",超频三资讯,06-12 10:19
109,0,超频三6月8日快速反弹,"/news,300647,1318535323.html",超频三资讯,06-08 09:41
492,1,超频三股东户数增加265户，户均持股11.46万元,"/news,300647,1316273021.html",超频三资讯,06-01 08:11
1111,1,超频三：锂电池正极关键材料生产基地建设一期项目厂房建设现已基本封顶,"/news,300647,1311775289.html",超频三资讯,05-22 01:43
399,1,浙商证券维持超频三买入评级 预计2023年净利润同比增长385.59%,"/news,300647,1308368435.html",公司研报提示,05-12 10:09
1128,6,超频三：公司锂电池正极关键材料生产基地建设一期项目正全力加快推进建设中,"/news,300647,1305872886.html",超频三资讯,05-05 04:49
192,0,超频三股价连续2日创近1年新低,"/news,300647,1305852871.html",数据快报,05-05 03:37
262,2,超频三股价创近1年新低,"/news,300647,1305335697.html",数据快报,05-04 03:36
369,0,超频三：2022年净利润1935.8万元，同比扭亏为盈,"/news,300647,1303451988.html",一句话财报,04-26 10:06
399,1,超频三：2023年一季度净利润-1405.68万，上年同期盈利2640.74万元,"/news,300647,1303451371.html",一句话财报,04-26 10:04
364,0,超频三股东户数增加3.95%，户均持股12.99万元,"/news,300647,1303443139.html",超频三资讯,04-26 09:40
170,0,超频三4月24日快速反弹,"/news,300647,1301807079.html",超频三资讯,04-24 09:38
183,0,超频三4月21日盘中跌幅达5%,"/news,300647,1301154989.html",超频三资讯,04-21 11:25
184,0,超频三4月20日盘中涨幅达5%,"/news,300647,1300526482.html",超频三资讯,04-20 11:14
1935,10,超频三：控股股东、实控人之一张魁减持2%公司股份 套现约7054.68万元,"/news,300647,1290054792.html",超频三资讯,03-24 04:48
1848,17,大宗交易：机构账户买入超频三1629.05万元（03-09）,"/news,300647,1284569026.html",超频三资讯,03-09 06:46
901,5,大宗交易：超频三成交385.02万元，折价14.30%（03-06）,"/news,300647,1283275852.html",超频三资讯,03-06 06:00
776,2,超频三股东户数增加1.88%，户均持股14.23万元,"/news,300647,1282721869.html",超频三资讯,03-03 05:52
1475,6,大宗交易：超频三成交395.28万元，折价13.37%（02-17）,"/news,300647,1278501420.html",超频三资讯,02-17 04:28
634,0,超频三：预计22年年度归母净利润为1554万元至2331万元,"/news,300647,1272905712.html",业绩预告快讯,02-01 12:11
984,4,大宗交易：超频三成交384.48万元，折价16.04%（01-30）,"/news,300647,1272457752.html",超频三资讯,01-30 06:00
1751,5,超频三：控股股东、实控人之一张魁拟减持不超1%公司股份,"/news,300647,1271854036.html",超频三资讯,01-20 04:19
1169,5,大宗交易：超频三成交369.3万元，折价15.25%（01-16）,"/news,300647,1270614326.html",超频三资讯,01-16 06:00
707,0,超频三股东户数增加2.59%，户均持股13.69万元,"/news,300647,1264581624.html",超频三资讯,12-27 06:08
390,0,超频三人气较昨日提升2983 现居飙升榜第七,"/news,300647,1261864298.html",数据快报,12-20 11:08
954,1,大宗交易：超频三成交378.05万元，折价12.44%（12-19）,"/news,300647,1261565647.html",超频三资讯,12-19 06:00
1258,6,大宗交易：超频三成交387.86万元，折价14.25%（11-30）,"/news,300647,1253167624.html",超频三资讯,11-30 06:00
1147,5,大宗交易：超频三成交401.29万元，折价14.43%（11-24）,"/news,300647,1250774907.html",超频三资讯,11-24 06:02
767,1,浙商证券首次给予超频三买入评级 目标价11.1元,"/news,300647,1246081524.html",公司研报提示,11-13 10:26
1662,3,超频三：锂电池正极关键材料生产基地建设项目二期计划于2023年1月开工 2023年12月建成投产,"/news,300647,1245948802.html",超频三资讯,11-11 10:00
675,1,超频三股东户数增加3.69%，户均持股16.46万元,"/news,300647,1243247231.html",超频三资讯,11-04 07:39
576,1,信达证券维持超频三买入评级 预计2022年净利润同比增长136.49%,"/news,300647,1240725188.html",公司研报提示,10-30 04:36
616,0,东北证券首次给予超频三买入评级 预计2022年净利润同比增长134.64%,"/news,300647,1240475844.html",公司研报提示,10-28 05:31
743,2,【图解季报】超频三：2022年前三季度归母净利润3525万元，同比扭亏为盈,"/news,300647,1240168618.html",超频三资讯,10-28 10:18
483,1,超频三股东户数增加1.45%，户均持股15.15万元,"/news,300647,1239982743.html",超频三资讯,10-27 09:37
851,0,超频三：2022年前三季度净利润3525.41万元，同比扭亏为盈,"/news,300647,1239941867.html",一句话财报,10-27 07:50
706,7,超频三：控股股东、实控人进行股票质押式回购交易,"/news,300647,1227027556.html",超频三资讯,09-13 11:14
638,1,【调研快报】超频三接待兴业全球基金等多家机构调研,"/news,300647,1223395754.html",超频三资讯,08-31 09:02
1050,6,太平洋给予超频三买入评级 Q2单季受下游客户交付结构负面影响 下半年重归弹性增长常态,"/news,300647,1223270326.html",超频三资讯,08-31 02:36
1787,5,太平洋维持超频三买入评级 目标价22.72元,"/news,300647,1223258496.html",公司研报提示,08-31 02:27
599,0,【图解中报】超频三：2022上半年归母净利润同比翻近21倍，约为3029万元,"/news,300647,1221959428.html",超频三资讯,08-27 12:11
449,0,超频三：截至本公告披露日 公司及全资/控股子公司累计对外提供担保总余额约为2.41亿元,"/news,300647,1221906212.html",超频三资讯,08-26 09:54
782,3,超频三上半年净利润同比增长2065.6%,"/news,300647,1221899244.html",超频三资讯,08-26 09:19
736,2,锂电池材料市场需求大幅增长 超频三上半年净利润暴增20倍,"/news,300647,1221897745.html",超频三资讯,08-26 08:57
511,0,超频三：副总经理及董事拟减持437.19万股公司股份,"/news,300647,1221898637.html",超频三资讯,08-26 08:42
857,4,超频三：锂电池正极材料产品量价齐升 上半年归母净利润同比增2065%,"/news,300647,1221894583.html",超频三资讯,08-26 08:16
1441,4,超频三：上半年净利同比增长2065%,"/news,300647,1221885444.html",超频三资讯,08-26 08:05
551,3,超频三：上半年净利润3029万元 同比增2065.6%,"/news,300647,1221886108.html",超频三资讯,08-26 08:04
657,0,注意！超频三将于9月14日召开股东大会,"/news,300647,1221884601.html",超频三资讯,08-26 07:48
511,0,超频三：2022年半年度净利润约3029万元 同比增加2065.6%,"/news,300647,1221884469.html",超频三资讯,08-26 07:48
916,3,超频三：2022上半年净利润同比增长2066%,"/news,300647,1221880346.html",一句话财报,08-26 07:39
1597,2,信达证券首次给予超频三买入评级 预计2022年净利润同比增长135.88%,"/news,300647,1219452698.html",公司研报提示,08-20 03:00
726,0,超频三股东户数增加1.33%，户均持股20.35万元,"/news,300647,1216893280.html",超频三资讯,08-12 06:03
708,0,超频三股东户数增加1.42%，户均持股20.18万元,"/news,300647,1214562453.html",超频三资讯,08-05 05:37
824,0,超频三：公司5G散热工业园建设项目已经深圳市龙岗区发展和改革局备案,"/news,300647,1214559259.html",超频三资讯,08-05 05:18
1148,1,超频三：公司5G散热工业园建设项目预计达到可使用状态日期为2023年9月30日,"/news,300647,1214559262.html",超频三资讯,08-05 05:18
2652,9,超频三锂电池回收和正极材料扩产项目将于今年12月投产,"/news,300647,1210596449.html",超频三资讯,07-26 08:09
717,0,【调研快报】超频三接待光大证券等多家机构调研,"/news,300647,1210593644.html",超频三资讯,07-26 07:47
1858,7,超频三：锂电池正极关键材料生产基地一期预计投产时间为2022年12月,"/news,300647,1209017553.html",超频三资讯,07-21 06:20
861,1,超频三股东户数下降6.47%，户均持股19.93万元,"/news,300647,1209012254.html",超频三资讯,07-21 05:58
1100,3,【调研快报】超频三接待华夏基金等多家机构调研,"/news,300647,1202154340.html",超频三资讯,07-04 07:12
468,0,超频三股东户数增加26户，户均持股17.26万元,"/news,300647,1199268082.html",超频三资讯,06-28 05:52
2089,6,超频三：公司定增获批 锂电池回收和正极材料扩产项目年底投产,"/news,300647,1197261136.html",超频三资讯,06-23 09:48
1759,4,超频三：非公开发行股票申请获证监会批准,"/news,300647,1194628999.html",股友3325M73R55,06-17 03:36
973,3,超频三：截至目前 公司产品已广泛应用于消费电子、LED照明、锂电池材料领域,"/news,300647,1188437575.html",超频三资讯,06-02 04:04
445,0,超频三5月26日快速回调,"/news,300647,1185050894.html",超频三资讯,05-26 10:09
1001,0,（5-24）超频三连续三日收于年线之上，前次最大涨幅8.92%,"/news,300647,1184202991.html",股友00703zn610,05-24 03:25
429,0,超频三5月23日快速上涨,"/news,300647,1183312164.html",超频三资讯,05-23 09:41
436,0,超频三5月20日盘中涨幅达5%,"/news,300647,1182467342.html",超频三资讯,05-20 09:52
411,0,超频三5月20日快速上涨,"/news,300647,1182447478.html",超频三资讯,05-20 09:41
470,0,超频三5月18日盘中涨幅达5%,"/news,300647,1181423619.html",超频三资讯,05-18 11:08
450,0,超频三5月18日快速上涨,"/news,300647,1181312472.html",超频三资讯,05-18 09:41
1226,4,超频三：实际控制人之一刘郁解除质押526.5万股 质押展期2239万股,"/news,300647,1180520164.html",超频三资讯,05-16 03:44
499,0,超频三5月12日盘中涨幅达5%,"/news,300647,1179032085.html",超频三资讯,05-12 01:05
464,0,超频三5月12日快速上涨,"/news,300647,1179028476.html",超频三资讯,05-12 01:00
427,0,超频三5月10日快速回调,"/news,300647,1177757882.html",超频三资讯,05-10 10:17
420,0,超频三5月10日快速反弹,"/news,300647,1177749685.html",超频三资讯,05-10 10:10
397,0,超频三5月9日盘中涨幅达5%,"/news,300647,1177196249.html",超频三资讯,05-09 10:02
331,0,超频三5月9日快速上涨,"/news,300647,1177163304.html",超频三资讯,05-09 09:39
906,2,超频三股东户数减少171户，户均持股11.42万元,"/news,300647,1176868282.html",超频三资讯,05-07 04:30
1144,1,超频三：个旧圣比和实业有限公司为控股子公司 其主要产品包括三元材料、钴酸锂、锰酸锂等正极材料及前驱体,"/news,300647,1176858215.html",超频三资讯,05-07 03:06
1219,6,超频三：公司提供紧凑型设计和有针对性的散热解决方案,"/news,300647,1176857603.html",超频三资讯,05-07 03:02
755,0,超频三：个旧圣比和实业有限公司产品主要应用于消费类电子产品及数码、动力电池、储能设备等领域,"/news,300647,1176857535.html",超频三资讯,05-07 03:02
400,0,超频三5月6日快速反弹,"/news,300647,1176431035.html",超频三资讯,05-06 10:33
1109,2,太平洋给予超频三买入评级 Q1成长大超预期 锂电回收&正极材料渐成公司成长主线,"/news,300647,1176081947.html",超频三资讯,05-05 02:44
2522,1,太平洋维持超频三买入评级 目标价22.72元,"/news,300647,1176073851.html",公司研报提示,05-05 02:39
1892,9,超频三接受10家机构调研！,"/news,300647,1175962407.html",超频三资讯,05-05 11:39
415,0,【调研快报】超频三接待华夏基金等多家机构调研,"/news,300647,1175978684.html",超频三资讯,05-05 11:26
1197,2,超频三：锂电池正极关键材料生产基地建设项目一期预计投产时间为2022年12月,"/news,300647,1175900372.html",超频三资讯,05-05 10:32
310,0,超频三5月5日快速上涨,"/news,300647,1175885241.html",超频三资讯,05-05 10:20
365,0,超频三5月5日开盘涨幅达5%,"/news,300647,1175798623.html",超频三资讯,05-05 09:27
391,0,超频三4月29日快速上涨,"/news,300647,1174724888.html",超频三资讯,04-29 10:58
343,0,超频三4月29日快速回调,"/news,300647,1174641437.html",超频三资讯,04-29 09:54
2774,33,超频三：2022年第一季度净利润约2641万元 同比增加1035.82%,"/news,300647,1174361132.html",超频三资讯,04-28 04:44
449,0,【图解季报】超频三：2022年一季度归母净利润同比翻10倍，约为2641万元,"/news,300647,1174432483.html",超频三资讯,04-28 04:11
729,0,超频三股东户数下降9.28%，户均持股12.7万元,"/news,300647,1174339824.html",超频三资讯,04-28 03:54
839,0,超频三：2022年一季度净利润同比增长1036%,"/news,300647,1174334301.html",一句话财报,04-28 03:43
340,0,超频三4月28日快速回调,"/news,300647,1174242722.html",超频三资讯,04-28 02:01
421,1,超频三4月28日盘中涨幅达5%,"/news,300647,1174043100.html",超频三资讯,04-28 10:18
316,0,超频三4月28日快速上涨,"/news,300647,1174036518.html",超频三资讯,04-28 10:14
552,1,超频三股价连续3日创逾49个月新低,"/news,300647,1173690724.html",新低个股一览,04-27 03:37
311,0,超频三4月27日加速下跌,"/news,300647,1173476333.html",超频三资讯,04-27 11:26
282,0,超频三4月27日盘中跌幅达5%,"/news,300647,1173476159.html",超频三资讯,04-27 11:26
590,0,超频三股价连续2日创逾49个月新低,"/news,300647,1172990070.html",新低个股一览,04-26 03:40
458,0,超频三4月26日盘中跌幅达5%,"/news,300647,1172651479.html",超频三资讯,04-26 10:17
678,1,超频三股价创逾49个月新低,"/news,300647,1172265611.html",新低个股一览,04-25 03:37
611,2,超频三4月25日加速下跌,"/news,300647,1172049800.html",超频三资讯,04-25 01:01
272,0,超频三4月25日盘中跌幅达5%,"/news,300647,1171958685.html",超频三资讯,04-25 10:58
694,0,超频三：调整定增预案，募资金额调整至不超2亿元,"/news,300647,1171631693.html",股友3325M73R55,04-24 06:10
1951,5,超频三业绩连续5年下滑 大幅亏损缘何仍有机构看好？,"/news,300647,1167677769.html",超频三资讯,04-15 07:32
611,0,超频三股价创逾21个月新低,"/news,300647,1165155285.html",新低个股一览,04-11 03:36
600,1,超频三4月11日快速反弹,"/news,300647,1164799148.html",超频三资讯,04-11 09:53
721,2,超频三4月6日快速反弹,"/news,300647,1162849511.html",超频三资讯,04-06 09:46
448,0,超频三3月30日盘中涨幅达5%,"/news,300647,1160503436.html",超频三资讯,03-30 09:52
393,0,超频三3月30日快速上涨,"/news,300647,1160501657.html",超频三资讯,03-30 09:51
639,2,超频三3月23日快速上涨,"/news,300647,1157204359.html",超频三资讯,03-23 09:49
2003,9,太平洋给予超频三买入评级：锂电正极材料一期扩产落地 规模成长指日可待,"/news,300647,1156229892.html",超频三资讯,03-21 11:31
1172,2,太平洋维持超频三买入评级 目标价22.72元,"/news,300647,1156223500.html",公司研报提示,03-21 11:27
910,3,超频三拟定增募资不超2.2亿元,"/news,300647,1155719901.html",超频三资讯,03-18 09:42
1738,6,超频三：拟定增募资不超2.2亿元用于锂电池正极关键材料生产基地建设一期子项目,"/news,300647,1155702619.html",超频三资讯,03-18 09:22
477,0,超频三股东户数增加235户，户均持股14.02万元,"/news,300647,1155696349.html",超频三资讯,03-18 08:55
1298,6,超频三：2021年度净利润亏损约1.62亿元,"/news,300647,1155696352.html",超频三资讯,03-18 08:53
897,2,超频三：拟向特定对象增发募资不超过2.2亿元,"/news,300647,1155696350.html",超频三资讯,03-18 08:53
362,0,【图解年报】超频三：2021年归母净利润由盈转亏,"/news,300647,1155700634.html",超频三资讯,03-18 08:50
609,0,超频三：2021年净利润-1.62亿，上年盈利1544.17万元,"/news,300647,1155695126.html",一句话财报,03-18 08:50
315,0,超频三3月17日快速上涨,"/news,300647,1154713363.html",超频三资讯,03-17 09:46
330,0,超频三3月17日盘中涨幅达5%,"/news,300647,1154713241.html",超频三资讯,03-17 09:46
25004,0,超频三3月16日盘中涨幅达5%,"/news,300647,1154355310.html",超频三资讯,03-16 02:13
363,0,超频三3月15日盘中跌幅达5%,"/news,300647,1153597800.html",超频三资讯,03-15 01:31
434,0,超频三3月10日盘中涨幅达5%,"/news,300647,1151533076.html",超频三资讯,03-10 11:08
463,1,超频三3月9日盘中跌幅达5%,"/news,300647,1151012607.html",超频三资讯,03-09 01:40
517,1,超频三3月8日加速下跌,"/news,300647,1150154155.html",超频三资讯,03-08 09:53
542,1,超频三3月4日快速回调,"/news,300647,1148752756.html",超频三资讯,03-04 09:30
1495,12,大宗交易：超频三成交1604.8万元，折价1.18%（02-28）,"/news,300647,1147118233.html",超频三资讯,02-28 06:00
378,0,超频三2月25日快速回调,"/news,300647,1146122001.html",超频三资讯,02-25 09:47
432,0,超频三2月25日快速上涨,"/news,300647,1146108008.html",超频三资讯,02-25 09:39
368,0,超频三2月24日快速反弹,"/news,300647,1145744647.html",超频三资讯,02-24 01:29
359,0,超频三2月24日快速回调,"/news,300647,1145568241.html",超频三资讯,02-24 10:17
359,0,超频三2月24日盘中涨幅达5%,"/news,300647,1145554998.html",超频三资讯,02-24 10:08
365,0,超频三2月24日快速上涨,"/news,300647,1145554995.html",超频三资讯,02-24 10:07
2202,10,大宗交易：超频三成交2679.96万元，折价1.52%（02-23）,"/news,300647,1145354043.html",超频三资讯,02-23 06:00
641,0,（2-23）超频三连续三日收于年线之上，前次最大涨幅2.72%,"/news,300647,1145300489.html",股友00703zn610,02-23 03:26
337,0,超频三2月23日快速上涨,"/news,300647,1144994773.html",超频三资讯,02-23 09:40
1192,7,大宗交易：超频三成交934万元，折价1.48%（02-22）,"/news,300647,1144831280.html",超频三资讯,02-22 06:00
326,0,超频三2月22日快速反弹,"/news,300647,1144537367.html",超频三资讯,02-22 10:04
1012,3,大宗交易：超频三成交3071.52万元，折价1.46%（02-21）,"/news,300647,1144338197.html",超频三资讯,02-21 06:00
2082,19,超频三欲投50亿元跨界锂电材料！ 新一轮“豪赌”到底胜算几何？,"/news,300647,1143264361.html",超频三资讯,02-17 10:59
1416,18,超频三召开临时股东大会 将投资50亿元加码锂电材料,"/news,300647,1143260850.html",超频三资讯,02-17 10:44
454,0,超频三：雷健当选公司第三届监事会非职工代表监事,"/news,300647,1142749910.html",超频三资讯,02-16 07:56
339,0,超频三2月14日盘中涨幅达5%,"/news,300647,1141567933.html",超频三资讯,02-14 10:10
320,0,超频三2月14日快速上涨,"/news,300647,1141561262.html",超频三资讯,02-14 10:05
1429,7,“跨界”投资锂电材料 超频三收深交所关注函,"/news,300647,1140257255.html",超频三资讯,02-10 12:59
1275,11,业绩不振转投锂电池 超频三50亿项目引质疑,"/news,300647,1140201174.html",超频三资讯,02-09 07:17
942,6,账面现金仅1.7亿、业绩首亏 超频三豪掷50亿跨界锂电池胜算几何？,"/news,300647,1140055788.html",超频三资讯,02-09 01:13
321,0,超频三2月9日快速反弹,"/news,300647,1139903441.html",超频三资讯,02-09 09:36
346,0,超频三2月8日快速反弹,"/news,300647,1139492382.html",超频三资讯,02-08 09:35
310,0,超频三2月8日快速回调,"/news,300647,1139486764.html",超频三资讯,02-08 09:31
1021,3,太平洋首予超频三买入评级：积极打造锂电材料规模化布局 传统业务聚焦新兴市场重归成长,"/news,300647,1139357267.html",超频三资讯,02-07 04:16
392,0,超频三2月7日快速上涨,"/news,300647,1139152429.html",超频三资讯,02-07 09:59
319,0,超频三2月7日快速反弹,"/news,300647,1139148347.html",超频三资讯,02-07 09:56
467,1,超频三2月7日开盘涨幅达5%,"/news,300647,1139107287.html",超频三资讯,02-07 09:27
652,0,超频三：预计21年年度归母净利润为-1.73亿元至-1.28亿元,"/news,300647,1138253822.html",业绩预告快讯,01-28 11:38
1700,19,超频三：预计2021年度归母净利润为-1.73亿至-1.27亿元,"/news,300647,1138253897.html",超频三资讯,01-28 11:38
1134,10,超频三：预计2021年度净利润亏损约1.28亿元~1.72亿元,"/news,300647,1138237116.html",超频三资讯,01-28 10:08
624,1,超频三股东户数下降5.32%，户均持股11.99万元,"/news,300647,1138208986.html",超频三资讯,01-28 07:28
1529,16,超频三拟50亿元投建锂电池正极关键材料生产基地,"/news,300647,1138191359.html",超频三资讯,01-28 05:45
1447,9,超频三：拟总投资50亿元在蒙自经济技术开发区投资建设“锂电池正极关键材料生产基地”项目,"/news,300647,1138189840.html",超频三资讯,01-28 05:34
466,0,超频三：聘任吴晓珊为公司证券事务代表,"/news,300647,1138189232.html",超频三资讯,01-28 05:33
378,0,超频三1月28日盘中涨幅达5%,"/news,300647,1138066639.html",超频三资讯,01-28 01:47
427,0,超频三1月26日快速上涨,"/news,300647,1136794953.html",超频三资讯,01-26 09:34
368,0,超频三1月25日盘中跌幅达5%,"/news,300647,1136267508.html",超频三资讯,01-25 09:54
377,0,超频三1月25日加速下跌,"/news,300647,1136254984.html",超频三资讯,01-25 09:48
617,2,超频三：截至本公告披露日 公司及全资/控股子公司累计对外提供担保总余额约为2.55亿元,"/news,300647,1136084025.html",超频三资讯,01-24 07:13
364,0,超频三1月21日快速上涨,"/news,300647,1134915316.html",超频三资讯,01-21 09:41
494,1,超频三1月18日盘中跌幅达5%,"/news,300647,1133478541.html",超频三资讯,01-18 02:55
1184,4,超频三：股东张魁减持计划实施完毕 期间减持公司股份约700万股,"/news,300647,1132206486.html",超频三资讯,01-14 08:26
1260,10,大宗交易：超频三成交1.83亿元，折价3.91%（01-13）,"/news,300647,1131580938.html",超频三资讯,01-13 06:01
372,0,超频三1月13日盘中涨幅达5%,"/news,300647,1131312588.html",超频三资讯,01-13 11:09
401,0,超频三1月13日快速上涨,"/news,300647,1131163349.html",超频三资讯,01-13 09:36
479,0,超频三1月10日快速回调,"/news,300647,1129495273.html",超频三资讯,01-10 09:32
477,0,超频三1月5日快速反弹,"/news,300647,1127712475.html",超频三资讯,01-05 11:00
456,0,超频三1月4日盘中涨幅达5%,"/news,300647,1127313038.html",超频三资讯,01-04 02:31
431,0,超频三1月4日快速上涨,"/news,300647,1127255904.html",超频三资讯,01-04 01:35
1064,2,大宗交易：超频三成交3118.5万元，折价0.98%（12-31）,"/news,300647,1126608489.html",超频三资讯,12-31 06:05
1131,1,年度盘点：超频三2021年跌33.39%，跑输大盘,"/news,300647,1126594369.html",超频三资讯,12-31 05:21
2306,11,超频三：子公司个旧圣比和已拥有“废旧锂离子电池材料综合回收利用完整产业链,"/news,300647,1123925858.html",超频三资讯,12-25 07:43
954,1,超频三：子公司个旧圣比和现有主要产品包括三元材料、钴酸锂、锰酸锂等正极材料及前驱体,"/news,300647,1123925837.html",超频三资讯,12-25 07:43
1606,3,超频三：公司产品已逐渐向5G移动设备及通讯基站散热、智慧城市项目建设、新能源汽车热管理等领域拓展延伸,"/news,300647,1123925770.html",超频三资讯,12-25 07:39
626,0,超频三：公司产品已广泛应用于LED照明、消费电子两大领域,"/news,300647,1123925688.html",超频三资讯,12-25 07:39
908,10,超频三：股东高新产投公司解除质押约519万股,"/news,300647,1122035089.html",超频三资讯,12-21 04:36
1301,3,超频三：公司新能源汽车热管理系统的研发如有实质性进展公司会及时履行信息披露义务,"/news,300647,1120901764.html",超频三资讯,12-18 03:21
585,2,超频三股东户数增加2.30%，户均持股11.91万元,"/news,300647,1120804256.html",超频三资讯,12-17 09:09
1133,4,超频三：个旧圣比现有主要产品包括三元材料、钴酸锂、锰酸锂等正极材料及前驱体,"/news,300647,1120773948.html",超频三资讯,12-17 05:54
944,2,超频三：目前个旧圣比和暂不涉及锂矿业务,"/news,300647,1120773871.html",超频三资讯,12-17 05:54
694,1,超频三：子公司个旧圣比和实业主要产品包括三元材料、钴酸锂、锰酸锂等正极材料及前驱体,"/news,300647,1120773396.html",超频三资讯,12-17 05:50
356,0,大宗交易：超频三成交6135.94万元，折价2.60%（12-13）,"/news,300647,1118889662.html",超频三资讯,12-13 06:00
1024,3,超频三现5笔大宗交易 合计成交713.48万股,"/news,300647,1118554761.html",超频三资讯,12-13 05:32
464,0,超频三12月13日快速反弹,"/news,300647,1118247859.html",超频三资讯,12-13 10:09
471,0,大宗交易：超频三成交6742.4万元，折价1.94%（12-10）,"/news,300647,1117819684.html",超频三资讯,12-10 06:00
1580,9,超频三现5笔大宗交易 总成交金额6742.40万元,"/news,300647,1117802230.html",超频三资讯,12-10 05:16
388,0,超频三12月9日快速上涨,"/news,300647,1116995829.html",超频三资讯,12-09 10:52
324,0,超频三12月9日盘中涨幅达5%,"/news,300647,1116995819.html",超频三资讯,12-09 10:52
1158,12,大宗交易：超频三成交1720万元，折价4.23%（12-01）,"/news,300647,1113883633.html",超频三资讯,12-01 06:01
965,2,超频三：公司产品已广泛应用于LED照明、消费电子两大领域,"/news,300647,1112259225.html",超频三资讯,11-27 05:49
911,2,超频三：公司控股子公司个旧圣比暂未与储能企业开展合作,"/news,300647,1112259223.html",超频三资讯,11-27 05:49
753,5,大宗交易：超频三成交1720万元，折价3.26%（11-23）,"/news,300647,1110555974.html",超频三资讯,11-23 06:00
763,1,大宗交易：超频三成交2395.54万元，折价4.34%（11-22）,"/news,300647,1110042835.html",超频三资讯,11-22 06:01
843,1,大宗交易：超频三成交1720万元，折价4.02%（11-19）,"/news,300647,1109340568.html",超频三资讯,11-19 06:01
437,0,超频三11月19日盘中涨幅达5%,"/news,300647,1108989760.html",超频三资讯,11-19 09:46
400,0,超频三11月19日快速上涨,"/news,300647,1108985045.html",超频三资讯,11-19 09:43
444,0,超频三11月18日快速回调,"/news,300647,1108448098.html",超频三资讯,11-18 09:38
456,1,超频三11月17日盘中涨幅达5%,"/news,300647,1108196730.html",超频三资讯,11-17 02:17
532,0,超频三：公司及全资/控股子公司实际对外担保总额为约1.64亿元,"/news,300647,1105465411.html",超频三资讯,11-11 05:25
1154,12,超频三：公司目前尚未涉及元宇宙领域,"/news,300647,1104464446.html",超频三资讯,11-09 06:35
550,0,超频三股价连续2日创逾15个月新低,"/news,300647,1100456009.html",新低个股一览,10-29 03:35
956,1,【图解季报】超频三：2021年前三季度归母净利润同比盈转亏，亏损合计约1754万元,"/news,300647,1100436479.html",超频三资讯,10-29 02:56
582,1,超频三股东户数增加1.31%，户均持股10.04万元,"/news,300647,1100031353.html",超频三资讯,10-28 10:53
1171,12,成绩单！超频三：第三季度净利润约-1893万元 同比下降892.87%,"/news,300647,1099949232.html",超频三资讯,10-28 06:11
654,3,超频三股东户数增加212户，户均持股10.5万元,"/news,300647,1099947881.html",超频三资讯,10-28 06:08
719,1,超频三：2021年前三季度净利润-1753.55万，上年同期盈利626.36万元,"/news,300647,1099945101.html",一句话财报,10-28 06:00
500,1,超频三股价创逾15个月新低,"/news,300647,1099888627.html",新低个股一览,10-28 03:36
546,1,超频三：7381.61万限制性股票解除限售 11月1日上市流通,"/news,300647,1098788627.html",股友1818V91C22,10-26 07:54
837,9,超频三：约7381.61万股限售股11月1日解禁 占比17.14%,"/news,300647,1098784326.html",超频三资讯,10-26 07:09
473,0,超频三预计明日收盘后（周四晚）披露三季报,"/news,300647,1098734615.html",股友1358g87h10,10-26 04:33
1061,5,超频三股东户数下降2.23%，户均持股10.58万元,"/news,300647,1092591460.html",超频三资讯,10-09 03:51
547,1,超频三：公司及全资/控股子公司实际对外担保总额为约1.64亿元,"/news,300647,1090120700.html",超频三资讯,09-28 11:49
1843,7,超频三：股东减持计划时间过半  未减持公司股份,"/news,300647,1089091896.html",超频三资讯,09-25 01:19
799,3,超频三：张正华先生、李光耀先生在减持计划时间过半时均未通过任何方式减持公司股份 本次减持计划时间已过半,"/news,300647,1088993602.html",超频三资讯,09-24 07:21
971,2,超频三：目前个旧圣比和暂不涉及矿产业务,"/news,300647,1087196169.html",超频三资讯,09-18 09:05
1613,2,超频三股东户数增加194户，户均持股12.28万元,"/news,300647,1084836492.html",超频三资讯,09-14 09:09
2572,23,超频三：个旧圣比和拥有废旧电池电极材料综合回收利用、前驱体合成与正极材料生产的完整产业链制造技术 现有主要产品包括三元材料、钴酸锂、锰酸锂等正极材料及前驱体,"/news,300647,1084699370.html",超频三资讯,09-13 05:46
1966,7,超频三：控股股东张魁减持约598万股 减持数量已过半,"/news,300647,1082770690.html",超频三资讯,09-08 04:31
1520,10,超频三：公司积极推进5G散热工业园项目的建设,"/news,300647,1082253366.html",超频三资讯,09-07 06:39
877,2,（9-6）超频三连续三日收于年线之上，前次最大涨幅3.18%,"/news,300647,1081638209.html",股友00703zn610,09-06 03:27
2521,8,超频三：目前公司具备量产均热板的技术条件 并已形成少量销售,"/news,300647,1080757406.html",超频三资讯,09-03 06:08
3352,6,超频三：公司子公司个旧圣比和拥有废旧电池电极材料综合回收利用、前驱体合成与正极材料生产的完整产业链制造技术,"/news,300647,1080755236.html",超频三资讯,09-03 06:01
1155,0,【图解中报】超频三：2021上半年归母净利润为140万元，同比下降63.9%,"/news,300647,1077808773.html",超频三资讯,08-29 07:36
2350,19,超频三：2021年半年度净利润约140万元 同比下降63.91%,"/news,300647,1077789981.html",超频三资讯,08-29 05:36
1077,0,超频三：净利润下滑，毛利率上行,"/news,300647,1077772324.html",股友6120067R9V,08-29 04:44
1260,1,读财报系列—— 一文看懂超频三21年半年度利润表,"/news,300647,1077771370.html",股友5p203r0103,08-29 04:35
828,0,读财报系列3——一文看懂21年半年度超频三现金流量表,"/news,300647,1077771360.html",股友5p203r0103,08-29 04:35
838,0,读财报系列2——一文看懂超频三21年半年度资产负债表,"/news,300647,1077771348.html",股友5p203r0103,08-29 04:35
981,1,财报快评：超频三2021年上半年实现归母净利润139.9万，同比下降63.9%,"/news,300647,1077770488.html",机智柯基,08-29 04:29
1262,3,超频三：2021上半年净利润同比下降63.91%,"/news,300647,1077768759.html",一句话财报,08-29 04:14
2696,5,旗下公司臭气无组织排放这家水处理龙头又登环境风险榜,"/news,300647,1077670720.html",超频三资讯,08-28 08:26
3258,20,个旧圣比和实业有限公司环境违法被责令改正,"/news,300647,1077332210.html",超频三资讯,08-27 05:42
1034,1,超频三预计大后晚（周日晚）披露半年报,"/news,300647,1076674822.html",股友1358g87h10,08-26 04:38
5781,20,超频三：拟5亿元投建散热工业园及国产化计算机生产基地,"/news,300647,1074970144.html",超频三资讯,08-23 08:57
743,0,超频三：收购个旧圣比和实业有限公司5%股权,"/news,300647,1075473203.html",超频三资讯,08-23 08:54
1685,5,超频三股东户数下降4.46%，户均持股12.27万元,"/news,300647,1071776660.html",超频三资讯,08-16 03:58
1317,0,（8-12）超频三连续三日收于年线之上，前次最大涨幅2.74%,"/news,300647,1070471166.html",股友00703zn610,08-12 03:35
1312,1,（8-3）超频三连续三日收于年线之上,"/news,300647,1066534743.html",股友00703zn610,08-03 03:15
1549,4,（7-26）超频三连续三日收于年线之上,"/news,300647,1062998069.html",股友00703zn610,07-26 03:24
2137,4,大宗交易：超频三成交275.1万元，折价12.92%（07-21）,"/news,300647,1061132164.html",超频三资讯,07-21 06:17
1283,2,超频三股东户数增加153户，户均持股7.07万元,"/news,300647,1060052902.html",超频三资讯,07-19 04:32
5954,36,超频三：与璐影文化达成战略合作,"/news,300647,1058233650.html",超频三资讯,07-14 04:20
3569,12,大宗交易：机构账户买入超频三3748万元（07-13）,"/news,300647,1057717728.html",超频三资讯,07-13 06:01
1347,3,年中盘点：超频三半年跌16.21%，跑输大盘,"/news,300647,1052549800.html",超频三资讯,06-30 05:10
1621,6,超频三：累计获得政府补助411.09万元,"/news,300647,1052028344.html",超频三资讯,06-29 07:04
1444,1,大宗交易：超频三成交2438.4万元，折价1.45%（06-29）,"/news,300647,1052015135.html",超频三资讯,06-29 06:01
1304,6,超频三股东户数增加14.31%，户均持股7.23万元,"/news,300647,1051784322.html",超频三资讯,06-29 11:10
520,0,大宗交易：超频三成交2233万元，折价1.46%（06-28）,"/news,300647,1051969230.html",超频三资讯,06-28 07:57
3124,29,大宗交易：超频三成交4184万元，折价1.51%（06-24）,"/news,300647,1050198771.html",超频三资讯,06-24 06:00
4699,34,超频三：实控人之一张魁拟减持不超2.43%公司股份,"/news,300647,1049683786.html",超频三资讯,06-23 08:35
1051,0,（6-22）超频三连续三日收于年线之上,"/news,300647,1049058315.html",股友00703zn610,06-22 03:15
5783,54,超频三：四名股东拟合计减持公司不超4.35%股份,"/news,300647,1047667419.html",超频三资讯,06-18 05:24
1933,3,超频三：吉信泰富减持计划完成,"/news,300647,1039822124.html",超频三资讯,05-28 08:08
1556,3,大宗交易：超频三成交1249.6万元，折价15.29%（05-28）,"/news,300647,1039800404.html",超频三资讯,05-28 06:01
1860,4,超频三：实际控制人之一刘郁质押展期2765.5万股,"/news,300647,1033909038.html",超频三资讯,05-13 03:44
1738,5,超频三：增发新增股份约7382万股于4月30日上市,"/news,300647,1029452947.html",超频三资讯,04-28 08:28
1041,0,读财报系列—— 一文看懂超频三21年一季度利润表,"/news,300647,1029174108.html",股友5p203r0103,04-28 01:11
877,0,读财报系列—— 一文看懂超频三20年度利润表,"/news,300647,1029044088.html",股友5p203r0103,04-28 10:11
1204,3,【图解季报】超频三：2021年一季度归母净利润同比增长40.2%，约为232万元,"/news,300647,1028883715.html",超频三资讯,04-27 10:09
812,0,超频三：盈利增速亮眼，盈利进入上升通道,"/news,300647,1028871352.html",股友6120067R9V,04-27 10:09
717,0,【图解年报】超频三：2020年归母净利润同比增长32.8%，费用管控见成效,"/news,300647,1028883699.html",超频三资讯,04-27 10:08
601,0,超频三：业绩快速增长，成长向好,"/news,300647,1028871190.html",股友6120067R9V,04-27 10:08
581,0,超频三：2020年净利润同比增长32.75%,"/news,300647,1028866859.html",一句话财报,04-27 09:55
1758,8,交卷！超频三：2020年度净利润约1544万元，同比增加32.75%,"/news,300647,1028861762.html",超频三资讯,04-27 09:35
1150,1,超频三股东户数下降19.21%，户均持股6.75万元,"/news,300647,1028850369.html",超频三资讯,04-27 09:04
1625,7,超频三：2021年一季度净利润同比增长40.24%,"/news,300647,1028848003.html",一句话财报,04-27 08:58
889,0,超频三预计明日收盘后（周二晚）披露年报,"/news,300647,1027787791.html",股友1358g87h10,04-25 04:33
875,0,超频三预计明日收盘后（周二晚）披露一季报,"/news,300647,1027786841.html",股友1358g87h10,04-25 04:31
2131,3,超频三：吉信泰富减持79万股  减持计划时间已过半,"/news,300647,1015555369.html",超频三资讯,03-22 06:30
3443,10,超频三：2020年度净利润约1522万元 同比增加30.84%,"/news,300647,1012778206.html",超频三资讯,03-14 05:08
1485,4,业绩快报：超频三2020年净利润1521.9万 同比增长30.84%,"/news,300647,1012788244.html",超频三资讯,03-14 05:05
1030,0,超频三：主力资金净流出440.27万元，净占比-7.35%（02-03）,"/news,300647,1002671427.html",股市胖虎,02-03 03:53
659,0,超频三：主力资金净流出540.29万元，净占比-13.49%（02-02）,"/news,300647,1002226986.html",股市胖虎,02-02 03:52
647,0,超频三今日热门盘点,"/news,300647,1001888003.html",迪丽热哥,02-01 09:12
863,0,超频三：主力资金净流入414.49万元，净占比5.56%（02-01）,"/news,300647,1001806910.html",股市胖虎,02-01 03:54
831,2,超频三主力资金连续5周净流出合计1.59亿元,"/news,300647,1001456273.html",股市胖虎,01-31 04:14
532,0,超频三：主力资金连续3天净流出累计1752.08万元（01-29）,"/news,300647,1001134060.html",股市胖虎,01-29 03:52
741,0,超频三：主力资金净流出549.55万元，净占比-9.25%（01-28）,"/news,300647,1000664424.html",股市胖虎,01-28 03:45
487,0,超频三：主力资金净流出605.42万元，净占比-8.08%（01-27）,"/news,300647,1000248554.html",股市胖虎,01-27 03:46
493,0,超频三：主力资金净流入258.21万元，净占比4.04%（01-26）,"/news,300647,999852975.html",股市胖虎,01-26 03:43
731,0,超频三：主力资金连续3天净流出累计2987.8万元（01-25）,"/news,300647,999450274.html",股市胖虎,01-25 04:34
558,0,超频三主力资金连续4周净流出合计1.34亿元,"/news,300647,999081797.html",股市胖虎,01-24 04:43
490,0,超频三：主力资金净流出1383.12万元，净占比-15.11%（01-22）,"/news,300647,998796080.html",股市胖虎,01-22 04:10
538,0,超频三：主力资金净流出632.51万元，净占比-6.67%（01-21）,"/news,300647,998371097.html",股市胖虎,01-21 04:16
1317,0,超频三：黄海燕、赢海投资减持计划完成 减持股份数量约152万股,"/news,300647,998025384.html",超频三资讯,01-20 06:57
1052,1,（1-20）超频三连续三日收于年线之上，前次最大涨幅11.30%,"/news,300647,997958048.html",股友00703zn610,01-20 04:00
494,0,超频三：主力资金净流入306.33万元，净占比2.43%（01-20）,"/news,300647,997950569.html",股市胖虎,01-20 03:44
462,0,超频三：主力资金连续7天净流出累计5912.64万元（01-19）,"/news,300647,997576354.html",股市胖虎,01-19 03:44
566,0,超频三：主力资金连续6天净流出累计5116.44万元（01-18）,"/news,300647,997211519.html",股市胖虎,01-18 03:45
409,0,超频三主力资金连续3周净流出合计1.07亿元,"/news,300647,996924991.html",股市胖虎,01-17 04:13
418,0,超频三：主力资金连续5天净流出累计4952.09万元（01-15）,"/news,300647,996668303.html",股市胖虎,01-15 03:44
449,0,超频三：主力资金连续4天净流出累计4369万元（01-14）,"/news,300647,996283407.html",股市胖虎,01-14 03:45
405,0,超频三：主力资金连续3天净流出累计3927.3万元（01-13）,"/news,300647,995881335.html",股市胖虎,01-13 03:44
561,0,超频三今日热门盘点,"/news,300647,995518916.html",迪丽热哥,01-12 09:09
430,0,超频三：主力资金净流出1628.89万元，净占比-10.61%（01-12）,"/news,300647,995433322.html",股市胖虎,01-12 03:44
477,0,超频三：主力资金净流出1520.06万元，净占比-10.13%（01-11）,"/news,300647,995020235.html",股市胖虎,01-11 03:45
475,0,超频三主力资金连续2周净流出合计5765.98万元,"/news,300647,994690503.html",股市胖虎,01-10 04:09
525,0,超频三：主力资金净流入441.88万元，净占比2.93%（01-08）,"/news,300647,994435853.html",股市胖虎,01-08 03:44
450,0,超频三：主力资金连续6天净流出累计7634.11万元（01-07）,"/news,300647,994017917.html",股市胖虎,01-07 03:44
427,0,超频三：主力资金连续5天净流出累计6539.24万元（01-06）,"/news,300647,993550338.html",股市胖虎,01-06 03:44
496,0,超频三：主力资金连续4天净流出累计4950.67万元（01-05）,"/news,300647,993128675.html",股市胖虎,01-05 03:44
519,0,超频三：主力资金连续3天净流出累计3750.03万元（01-04）,"/news,300647,992716679.html",股市胖虎,01-04 03:47
488,0,资金流向周汇总：超频三本周主力资金净流出2038.13万元,"/news,300647,992405696.html",股市胖虎,01-03 04:09
1048,1,2020年度小集锦——超频三,"/news,300647,992121749.html",迪丽热哥,12-31 04:45
442,0,超频三：主力资金净流出1168.64万元，净占比-5.09%（12-31）,"/news,300647,992101499.html",股市胖虎,12-31 03:44
393,0,超频三今日热门盘点,"/news,300647,991789283.html",迪丽热哥,12-30 09:11
479,0,超频三：主力资金净流出2295.75万元，净占比-8.44%（12-30）,"/news,300647,991715876.html",股市胖虎,12-30 03:43
544,0,超频三：主力资金净流入2461.32万元，净占比5.84%（12-29）,"/news,300647,991337771.html",股市胖虎,12-29 03:50
543,0,超频三：主力资金连续3天净流出累计3465.93万元（12-28）,"/news,300647,990945070.html",股市胖虎,12-28 03:44
596,0,资金流向周汇总：超频三本周主力资金净流入26.41万元,"/news,300647,990633931.html",股市胖虎,12-27 04:18
404,0,超频三：主力资金净流出628.69万元，净占比-3.88%（12-25）,"/news,300647,990380352.html",股市胖虎,12-25 03:45
380,0,超频三今日热门盘点,"/news,300647,990059796.html",迪丽热哥,12-24 09:09
414,0,超频三：主力资金净流出1802.18万元，净占比-9.37%（12-24）,"/news,300647,989982298.html",股市胖虎,12-24 03:46
944,3,超频三：公司及子公司获得政府补助共计280.31万元,"/news,300647,989652909.html",超频三资讯,12-23 08:25
490,0,超频三：主力资金连续3天净流入累计2457.28万元（12-23）,"/news,300647,989559566.html",股市胖虎,12-23 03:43
462,0,超频三：主力资金净流入574.79万元，净占比3.01%（12-22）,"/news,300647,989140735.html",股市胖虎,12-22 03:47
943,3,超频三：股东高新产投公司质押1490万股,"/news,300647,988823123.html",超频三资讯,12-21 07:12
423,0,超频三：主力资金净流入95.86万元，净占比1.00%（12-21）,"/news,300647,988742697.html",股市胖虎,12-21 03:43
436,0,超频三主力资金连续17周净流出合计7.34亿元,"/news,300647,988462261.html",股市胖虎,12-20 04:21
444,0,超频三：主力资金连续4天净流出累计2071.61万元（12-18）,"/news,300647,988221465.html",股市胖虎,12-18 03:44
407,1,超频三：主力资金连续3天净流出累计1859.43万元（12-17）,"/news,300647,987846004.html",股市胖虎,12-17 03:43
387,0,超频三：主力资金净流出958.26万元，净占比-8.12%（12-16）,"/news,300647,987455606.html",股市胖虎,12-16 03:43
379,0,超频三：主力资金净流出772.74万元，净占比-10.28%（12-15）,"/news,300647,987080215.html",股市胖虎,12-15 03:47
991,4,超频三：304.56万股12月16日解禁 占比0.85%,"/news,300647,986805037.html",超频三资讯,12-14 07:44
515,1,超频三：主力资金净流入811.01万元，净占比9.92%（12-14）,"/news,300647,986728281.html",股市胖虎,12-14 03:44
415,0,超频三主力资金连续16周净流出合计7.22亿元,"/news,300647,986457776.html",股市胖虎,12-13 04:22
433,0,超频三：主力资金连续3天净流出累计2507.76万元（12-11）,"/news,300647,986222945.html",股市胖虎,12-11 03:44
399,0,超频三：主力资金净流出830.93万元，净占比-6.62%（12-10）,"/news,300647,985818842.html",股市胖虎,12-10 03:44
389,0,超频三：主力资金净流出845.04万元，净占比-5.01%（12-09）,"/news,300647,985454643.html",股市胖虎,12-09 03:43
524,0,超频三：主力资金净流入1442.81万元，净占比6.42%（12-08）,"/news,300647,985086427.html",股市胖虎,12-08 03:47
400,0,超频三：主力资金连续12天净流出累计1.24亿元（12-07）,"/news,300647,984747194.html",股市胖虎,12-07 03:44
398,0,超频三主力资金连续15周净流出合计7.07亿元,"/news,300647,984486563.html",股市胖虎,12-06 04:14
389,0,超频三：主力资金连续11天净流出累计1.2亿元（12-04）,"/news,300647,984248859.html",股市胖虎,12-04 03:43
368,0,超频三：主力资金连续10天净流出累计1.1亿元（12-03）,"/news,300647,983916265.html",股市胖虎,12-03 03:44
424,0,超频三：主力资金连续9天净流出累计1.08亿元（12-02）,"/news,300647,983588355.html",股市胖虎,12-02 03:43
372,1,超频三今日热门盘点,"/news,300647,983322634.html",迪丽热哥,12-01 09:13
405,0,超频三：主力资金连续8天净流出累计9599.95万元（12-01）,"/news,300647,983256020.html",股市胖虎,12-01 03:44
3674,11,超频三：股东拟减持不超过1.84%公司股份,"/news,300647,982980060.html",超频三资讯,11-30 09:06
818,0,超频三：股东吉信泰富拟减持不超过656万股,"/news,300647,982987978.html",超频三资讯,11-30 08:52
390,0,超频三：主力资金连续7天净流出累计8269.71万元（11-30）,"/news,300647,982917429.html",股市胖虎,11-30 03:44
461,0,超频三主力资金连续14周净流出合计6.64亿元,"/news,300647,982652954.html",股市胖虎,11-29 04:27
432,1,超频三：主力资金连续6天净流出累计7697.99万元（11-27）,"/news,300647,982430512.html",股市胖虎,11-27 03:44
300,0,超频三今日热门盘点,"/news,300647,982144591.html",迪丽热哥,11-26 09:11
347,0,超频三：主力资金连续5天净流出累计6825.67万元（11-26）,"/news,300647,982080887.html",股市胖虎,11-26 03:44
420,0,超频三：主力资金连续4天净流出累计6229.94万元（11-25）,"/news,300647,981735013.html",股市胖虎,11-25 03:44
399,0,超频三：主力资金连续3天净流出累计3793.08万元（11-24）,"/news,300647,981366145.html",股市胖虎,11-24 03:44
359,0,超频三今日热门盘点,"/news,300647,981105434.html",迪丽热哥,11-23 09:16
400,1,超频三：主力资金净流出1765.57万元，净占比-10.01%（11-23）,"/news,300647,981039550.html",股市胖虎,11-23 03:43
410,0,超频三主力资金连续13周净流出合计6.07亿元,"/news,300647,980768982.html",股市胖虎,11-22 04:16
1257,4,超频三：304.56万股限制性股票可解除限售 占比0.8533%,"/news,300647,980611775.html",超频三资讯,11-20 08:12
364,0,超频三：主力资金净流出2003.84万元，净占比-10.23%（11-20）,"/news,300647,980551028.html",股市胖虎,11-20 03:51
504,0,超频三：主力资金净流入140.98万元，净占比0.51%（11-19）,"/news,300647,980219278.html",股市胖虎,11-19 03:43
543,0,超频三：主力资金净流入568.44万元，净占比2.31%（11-18）,"/news,300647,979879447.html",股市胖虎,11-18 03:48
498,1,超频三今日热门盘点,"/news,300647,979606352.html",迪丽热哥,11-17 09:16
454,0,超频三：主力资金连续8天净流出累计1.89亿元（11-17）,"/news,300647,979537908.html",股市胖虎,11-17 03:44
544,2,超频三：主力资金连续7天净流出累计1.75亿元（11-16）,"/news,300647,979176026.html",股市胖虎,11-16 03:46
639,2,超频三主力资金连续12周净流出合计5.51亿元,"/news,300647,978912307.html",股市胖虎,11-15 04:36
505,0,超频三：主力资金连续6天净流出累计1.46亿元（11-13）,"/news,300647,978696239.html",股市胖虎,11-13 03:45
378,0,超频三：主力资金连续5天净流出累计1.44亿元（11-12）,"/news,300647,978369652.html",股市胖虎,11-12 04:00
404,0,超频三今日热门盘点,"/news,300647,978098340.html",迪丽热哥,11-11 09:10
440,0,超频三：主力资金连续4天净流出累计1.38亿元（11-11）,"/news,300647,978034600.html",股市胖虎,11-11 03:44
330,0,超频三今日热门盘点,"/news,300647,977755085.html",迪丽热哥,11-10 09:09
266,0,超频三：主力资金连续3天净流出累计1.26亿元（11-10）,"/news,300647,977693577.html",股市胖虎,11-10 03:48
469,0,超频三今日热门盘点,"/news,300647,977413005.html",迪丽热哥,11-09 09:12
551,1,超频三：主力资金净流出2500.39万元，净占比-2.98%（11-09）,"/news,300647,977345742.html",股市胖虎,11-09 03:42
716,2,超频三主力资金连续11周净流出合计4.51亿元,"/news,300647,977077250.html",股市胖虎,11-08 04:53
524,0,超频三今日热门盘点,"/news,300647,976911566.html",迪丽热哥,11-06 08:57
1728,4,超频三：聘任杜建军为公司总经理,"/news,300647,976888905.html",超频三资讯,11-06 06:20
2450,7,超频三：杜建军出任公司总经理,"/news,300647,976886285.html",超频三资讯,11-06 05:55
541,0,超频三：主力资金净流出4624.63万元，净占比-5.40%（11-06）,"/news,300647,976856139.html",股市胖虎,11-06 03:43
427,0,超频三：主力资金净流入132.51万元，净占比0.17%（11-05）,"/news,300647,976516632.html",股市胖虎,11-05 03:44
416,0,超频三今日热门盘点,"/news,300647,976243651.html",迪丽热哥,11-04 09:00
401,0,超频三：主力资金净流出965.31万元，净占比-2.21%（11-04）,"/news,300647,976207815.html",股市胖虎,11-04 05:19
460,0,超频三今日热门盘点,"/news,300647,975934985.html",迪丽热哥,11-03 09:02
499,0,超频三：主力资金净流出3535.17万元，净占比-5.99%（11-03）,"/news,300647,975879346.html",股市胖虎,11-03 03:46
739,4,超频三今日热门盘点,"/news,300647,975626811.html",迪丽热哥,11-02 08:52
796,3,超频三：主力资金净流入2307.75万元，净占比3.41%（11-02）,"/news,300647,975562804.html",股市胖虎,11-02 03:44
443,0,超频三今日热门盘点,"/news,300647,975106503.html",迪丽热哥,10-30 08:57
434,0,超频三：主力资金净流出5338.59万，净占比-6.89%（10-30）,"/news,300647,975081826.html",股市胖虎,10-30 06:55
353,0,超频三今日热门盘点,"/news,300647,974720972.html",迪丽热哥,10-29 09:38
2067,1,超频三：2020年前三季度归母净利润为626万元，同比下降48.2%,"/news,300647,974711779.html",超频三资讯,10-29 08:29
4049,11,超频三：2020年前三季度净利润同比下降48.17%,"/news,300647,974694752.html",一句话财报,10-29 07:57
599,0,超频三：主力资金净流出1.16亿，净占比-9.46%（10-29）,"/news,300647,974659361.html",股市胖虎,10-29 05:18
899,0,超频三盘中最高19.15元，股价连续两日创近一年新高,"/news,300647,974626685.html",新高个股聚焦,10-29 03:29
446,0,超频三盘前回顾(10-28),"/news,300647,974411448.html",股友蓝胖子,10-29 09:01
402,0,超频三今日热门盘点,"/news,300647,974324354.html",迪丽热哥,10-28 08:59
4043,24,多主力现身龙虎榜，超频三涨停（10-28）,"/news,300647,974226052.html",超频三资讯,10-28 04:44
6362,37,超频三（300647）龙虎榜数据（10-28）,"/news,300647,974242153.html",超频三资讯,10-28 04:34
529,0,超频三：主力资金连续4天净流入累计1.73亿元（10-28）,"/news,300647,974199603.html",股市胖虎,10-28 04:02
624,0,超频三盘中最高16.7元，股价创近一年新高,"/news,300647,974181083.html",新高个股聚焦,10-28 03:28
1134,1,超频三预计明日收盘后（周四晚）披露三季报,"/news,300647,973873738.html",股友1358g87h10,10-27 06:33
520,0,超频三：主力资金连续3天净流入累计2402.06万元（10-27）,"/news,300647,973836216.html",股市胖虎,10-27 03:44
455,0,超频三：主力资金净流入405.69万，净占比1.69%（10-26）,"/news,300647,973518157.html",股市胖虎,10-26 03:47
374,0,超频三：主力资金净流入432.21万，净占比1.80%（10-23）,"/news,300647,973082827.html",股市胖虎,10-23 04:08
1506,6,超频三：李光耀辞去副总经理职务,"/news,300647,972811237.html",超频三资讯,10-22 09:10
422,1,超频三：主力资金净流出1007.61万，净占比-5.46%（10-22）,"/news,300647,972746175.html",股市胖虎,10-22 03:53
436,1,超频三：主力资金净流出3771.96万，净占比-14.26%（10-21）,"/news,300647,972423959.html",股市胖虎,10-21 03:44
611,0,超频三：主力资金净流入1072.24万，净占比3.89%（10-20）,"/news,300647,972107965.html",股市胖虎,10-20 03:49
592,0,超频三今日热门盘点,"/news,300647,971862089.html",迪丽热哥,10-19 08:53
515,1,超频三：主力资金净流出2980.13万，净占比-11.20%（10-19）,"/news,300647,971813476.html",股市胖虎,10-19 03:58
492,0,超频三今日热门盘点,"/news,300647,971421546.html",迪丽热哥,10-16 08:55
1154,0,超频三：非公开发行股票申请获证监会批准,"/news,300647,971416430.html",股友3325M73R55,10-16 08:14
466,1,超频三：主力资金净流出3562.38万，净占比-9.37%（10-16）,"/news,300647,971378843.html",股市胖虎,10-16 03:51
702,1,超频三今日热门盘点,"/news,300647,971127417.html",迪丽热哥,10-15 09:02
555,0,超频三：主力资金净流入3151.2万，净占比5.31%（10-15）,"/news,300647,971068320.html",股市胖虎,10-15 03:34
523,1,超频三今日热门盘点,"/news,300647,970818028.html",迪丽热哥,10-14 08:51
525,0,超频三：主力资金净流出2527.87万，净占比-8.10%（10-14）,"/news,300647,970773915.html",股市胖虎,10-14 04:08
470,0,超频三今日热门盘点,"/news,300647,970522782.html",迪丽热哥,10-13 08:57
582,0,超频三：主力资金净流入913.16万，净占比1.97%（10-13）,"/news,300647,970461532.html",股市胖虎,10-13 03:35
450,0,超频三盘前回顾(10-12),"/news,300647,970289300.html",股友蓝胖子,10-13 08:29
470,0,超频三今日热门盘点,"/news,300647,970236780.html",迪丽热哥,10-12 09:20
518,0,超频三：主力资金净流入180.98万，净占比0.57%（10-12）,"/news,300647,970173683.html",股市胖虎,10-12 03:31
586,0,超频三：主力资金连续4天净流出累计694.01万元（10-09）,"/news,300647,969764235.html",股市胖虎,10-09 03:32
925,0,超频三：主力资金连续3天净流出累计350.78万元（09-30）,"/news,300647,969039484.html",股市胖虎,09-30 03:35
451,0,超频三：主力资金净流出149.82万，净占比-1.19%（09-29）,"/news,300647,968734824.html",股市胖虎,09-29 03:32
447,0,超频三：主力资金净流出30.85万，净占比-0.24%（09-28）,"/news,300647,968423416.html",股市胖虎,09-28 03:41
619,0,超频三：主力资金净流入389.95万，净占比2.27%（09-25）,"/news,300647,967920667.html",股市胖虎,09-25 03:42
475,0,超频三：主力资金连续4天净流出累计9102.98万元（09-24）,"/news,300647,967563746.html",股市胖虎,09-24 03:39
561,1,超频三：主力资金连续3天净流出累计6690.79万元（09-23）,"/news,300647,967202507.html",股市胖虎,09-23 03:50
443,0,超频三：主力资金净流出1454.06万，净占比-4.59%（09-22）,"/news,300647,966869741.html",股市胖虎,09-22 03:48
708,2,超频三：主力资金净流出3518.86万，净占比-6.95%（09-21）,"/news,300647,966524956.html",股市胖虎,09-21 03:45
521,0,超频三：主力资金净流入1364.67万，净占比2.58%（09-18）,"/news,300647,966071783.html",股市胖虎,09-18 03:34
777,1,超频三：主力资金连续3天净流出累计1831.05万元（09-17）,"/news,300647,965711329.html",股市胖虎,09-17 03:34
1003,0,超频三盘中最高16元，股价连续两日创近一年新高,"/news,300647,962897122.html",新高个股聚焦,09-08 03:38
1489,3,超频三盘中最高13.92元，股价创近一年新高,"/news,300647,962502828.html",新高个股聚焦,09-07 03:26
1024,0,超频三盘中最高13.58元，股价创近一年新高,"/news,300647,961206729.html",新高个股聚焦,09-02 03:34
704,0,"超频三：2020上半年归母净利润同比下降54.75%,关注企业债务结构等问题","/news,300647,959768142.html",机智柯基,08-28 11:28
1718,3,超频三：2020上半年净利润同比下降54.75%,"/news,300647,959547296.html",一句话财报,08-27 08:17
2159,3,【图解中报】超频三2020年上半年净利润388万元 同比下降54.75%,"/news,300647,959560583.html",超频三资讯,08-27 08:12
1048,0,超频三盘中最高13元，股价连续两日创近一年新高,"/news,300647,958648768.html",新高个股聚焦,08-25 03:33
1072,0,超频三盘中最高12.78元，股价创近一年新高,"/news,300647,958250442.html",新高个股聚焦,08-24 03:29
7379,9,消费电子个股持续走强,"/news,300647,958131716.html",超频三资讯,08-24 11:29
3489,15,超频三股东拟合计减持不超1.1207%股份,"/news,300647,941285994.html",超频三资讯,06-24 10:30
4063,13,超频三：股东拟减持不超1.12%股份,"/news,300647,941269933.html",超频三资讯,06-24 08:33
6483,3,创业板注册制改革二批受理企业出炉：平移存量已达46家 国金证券拔得头筹,"/news,300647,940956554.html",超频三资讯,06-23 10:39
866,2,超频三：实际控制人质押1381万股，累计质押占其持股37.66%,"/news,300647,932063216.html",股友u7860213R9,05-21 06:02
2679,2,超频三：益阳高新产投公司拟受让公司9.53%股份,"/news,300647,930589671.html",超频三资讯,05-17 07:20
3284,9,超频三：益阳高新产投公司拟受让9.53%公司股份,"/news,300647,930579573.html",超频三资讯,05-17 05:28
758,0,超频三：实际控制人质押1384.5万股，累计质押占其持股43.50%,"/news,300647,930411802.html",股友u7860213R9,05-15 11:30
1260,7,超频三：实际控制人质押850万股，累计质押占其持股50.24%,"/news,300647,928989767.html",股友u7860213R9,05-12 09:22
1444,0,超频三2019年度10转5派0.1元,"/news,300647,928067187.html",股友L0L2595133,05-07 06:57
2688,0,超频三2019年度业绩网上说明会,"/news,300647,919278147.html",超频三资讯,04-02 08:11
729,0,超频三-业绩预告（03-31),"/news,300647,918582249.html",业绩预告快讯,03-31 09:17
1337,2,超频三2019年度拟10转5派0.1元,"/news,300647,918506005.html",股友L0L2595133,03-30 09:12
1126,2,超频三：2019年净利润同比增长16.75%，拟10转5派0.1,"/news,300647,918501277.html",一句话财报,03-30 08:51
16569,12,超频三：修订非公开发行股票预案,"/news,300647,904719793.html",超频三资讯,02-18 04:53
10778,6,多地5G建设按下“快进”键  产业链企业纷纷跑马圈地,"/news,300647,898830240.html",超频三资讯,01-16 11:00
5089,7,超频三拟定增募资6亿  加码布局5G散热产业,"/news,300647,896857439.html",超频三资讯,01-08 09:58
3736,5,超频三拟定增募资不超6亿元,"/news,300647,893244017.html",超频三资讯,12-20 08:31
3182,0,超频三：拟非公开发行不超6亿元 用于5G散热工业园建设项目,"/news,300647,893239908.html",超频三资讯,12-20 07:48
3307,4,超频三：拟定增募资不超6亿元 建设5G散热工业园项目,"/news,300647,893234767.html",超频三资讯,12-20 06:59
3474,0,深圳市超频三科技股份有限公司2019年第三次临时股东大会决议公告,"/news,300647,878744508.html",超频三资讯,09-27 05:35
3346,0,深圳市超频三科技股份有限公司关于回购注销部分限制性股票的减资公告,"/news,300647,878731726.html",超频三资讯,09-27 05:20
2950,0,深圳市超频三科技股份有限公司 关于2019年半年度报告披露的提示性公告,"/news,300647,873866499.html",超频三资讯,08-30 01:30
19051,2,深圳市超频三科技股份有限公司 关于举行2018年度业绩网上说明会的公告,"/news,300647,820049561.html",超频三资讯,04-25 04:44
16792,0,深圳市超频三科技股份有限公司 关于2018年年度报告披露提示性公告,"/news,300647,820046908.html",超频三资讯,04-25 04:34
23282,13,超频三：股东拟减持不超2%股份,"/news,300647,817337811.html",超频三资讯,04-17 07:25
11139,6,超频三：部分董事、高管拟合计减持不超151万股,"/news,300647,796206553.html",超频三资讯,12-05 08:19
26324,7,超频三：拟建设现代智能照明全产业链项目,"/news,300647,791961354.html",超频三资讯,11-12 07:39
46278,25,超频三：股东及董事计划减持股份,"/news,300647,783397345.html",超频三资讯,09-17 05:56
32459,9,超频三：拟与荆门政府签合同 投建LED环保节能智慧城市项目,"/news,300647,781914045.html",超频三资讯,09-06 05:06
83691,21,超频三拟披露重大事项 临时停牌,"/news,300647,779704465.html",超频三资讯,08-23 09:12
49792,6,妖股超频三跌停开盘,"/news,300647,769562954.html",超频三资讯,06-29 09:51
76355,42,重回涨停模式 超频三准备“妖”到几时？,"/news,300647,769179776.html",超频三资讯,06-27 06:18
38469,16,超频三股价11个交易日翻倍 公司提示风险,"/news,300647,768938331.html",超频三资讯,06-26 07:35
341723,74,10天9涨停！曾上演“地天板” 超频三堪称6月最强妖股 谁是幕后推手,"/news,300647,768698438.html",超频三资讯,06-25 09:25
32509,11,超频三上演天地板走势 换手率逾54%,"/news,300647,767632542.html",超频三资讯,06-20 02:28
34661,7,超频三与怀化鹤城区就现代智能照明全产业链投资项目签订框架协议,"/news,300647,767417668.html",超频三资讯,06-19 06:38
33778,13,超频三股票交易异动停牌核查完毕  6月19日开市起复牌,"/news,300647,766940123.html",超频三资讯,06-15 07:19
48538,25,超频三披露股票停牌核查结果 下周二复牌,"/news,300647,766919497.html",超频三资讯,06-15 04:42
23257,5,超频三：近期股价涨幅较大 11日起停牌核查,"/news,300647,765635255.html",超频三资讯,06-11 12:52
18059,7,超频三近期股票价格涨幅较大 6月11日起停牌核查,"/news,300647,765626660.html",超频三资讯,06-10 10:40
58778,34,超频三：明起停牌核查 已连续五日涨停,"/news,300647,765602822.html",超频三资讯,06-10 04:11
41711,19,超频三拟公开摘牌收购锂电材料公司圣比和实业49.5%股权,"/news,300647,764657083.html",超频三资讯,06-05 07:27
34382,33,超频三：拟收购锂电材料公司圣比和实业49.5%股权,"/news,300647,764643682.html",超频三资讯,06-05 05:43
13560,1,超频三收购炯达能源剩余49%股权 收购估值提升业绩承诺加码,"/news,300647,761527309.html",超频三资讯,05-21 02:00
8395,0,超频三：拟1.72亿元收购炯达能源剩余49%股权,"/news,300647,761404323.html",超频三资讯,05-20 09:17
27295,2,超频三：重组拟全资控股炯达能源 继续停牌,"/news,300647,760121216.html",超频三资讯,05-13 05:15
43837,10,超频三：拟收购炯达能源剩余49%股权 明起停牌,"/news,300647,754583625.html",超频三资讯,04-12 05:46
48278,21,超频三：实控人提议年报10转8派1元,"/news,300647,748771347.html",超频三资讯,03-11 05:42
40845,29,超频三拟1.275亿元收购炯达能源51%股权 拓展LED照明业务,"/news,300647,702485257.html",超频三资讯,09-12 08:06
21359,21,超频三现金1.27亿收购浙江炯达能源科技有限公司51%股权,"/news,300647,702397478.html",超频三资讯,09-11 10:31
19149,8,超频三公布2017 年限制性股票激励计划（草案）,"/news,300647,702396522.html",超频三资讯,09-11 10:29
23649,21,超频三：拟1.28亿控股炯达能源 拓展LED照明业务,"/news,300647,702351856.html",超频三资讯,09-11 08:54
44004,1,超频三半年报拟10派1.25元,"/news,300647,662419425.html",超频三资讯,06-29 08:32
25854,6,次新股午后反弹 超频三等多股涨停,"/news,300647,649025187.html",超频三资讯,05-31 02:02
30932,8,超频三打开一字涨停 累计上涨290.63%,"/news,300647,643772251.html",超频三资讯,05-18 09:48
39555,11,超频三不增营收增净利 负债上升产能利用率不足仍扩产,"/news,300647,643288081.html",超频三资讯,05-17 10:59
